iteration,total_iterations,elapsed_ms,global_batch_size,loss,grad_norm
1,100,24313.4,8,1.922337,144.294
2,100,21504.2,8,1.797045,118.942
3,100,22081.3,8,1.802743,96.063
4,100,22683.5,8,1.515846,73.643
5,100,25007.2,8,1.583601,52.074
6,100,26983.2,8,1.532148,36.649
7,100,27315.6,8,1.316892,26.151
8,100,33948.7,8,1.458775,14.11
9,100,27862.4,8,1.201211,15.241
10,100,33632.2,8,1.406714,13.417
11,100,27849.0,8,1.274633,17.317
12,100,34489.6,8,1.398534,17.469
13,100,32776.0,8,1.424027,13.386
14,100,28722.7,8,1.344616,15.155
15,100,29679.0,8,1.317202,13.249
16,100,30928.3,8,1.423114,15.264
17,100,28971.9,8,1.305768,13.795
18,100,27566.1,8,1.249636,18.102
19,100,32096.6,8,1.436636,14.393
20,100,26664.8,8,1.276775,14.488
21,100,27025.2,8,1.20557,16.217
22,100,31781.7,8,1.413282,13.177
23,100,29371.0,8,1.489853,26.579
24,100,32198.6,8,1.484301,10.92
25,100,25873.8,8,1.375269,13.516
26,100,22053.5,8,1.230261,15.91
27,100,31176.6,8,1.398787,14.693
28,100,28283.8,8,1.230015,14.119
29,100,27946.6,8,1.314831,16.627
30,100,30561.8,8,1.30455,12.689
31,100,29630.1,8,1.30535,13.51
32,100,29587.1,8,1.384285,11.972
33,100,29823.2,8,1.103468,13.276
34,100,25387.2,8,1.221179,16.66
35,100,34872.8,8,1.35228,12.681
36,100,31612.0,8,1.39406,14.244
37,100,27537.1,8,1.09724,15.483
38,100,30461.0,8,1.409489,18.058
39,100,32725.7,8,1.335244,13.449
40,100,33226.7,8,1.516692,10.759
41,100,27430.8,8,1.360255,15.42
42,100,30207.6,8,1.150419,12.203
43,100,25186.3,8,1.274424,14.559
44,100,28860.8,8,1.253853,13.583
45,100,27149.4,8,1.233511,21.028
46,100,28092.5,8,1.267449,15.106
47,100,25333.1,8,1.326878,15.219
48,100,29407.0,8,1.418426,19.65
49,100,25686.3,8,1.219726,21.776
50,100,30224.7,8,1.229224,16.556
51,100,33038.8,8,1.315174,13.7
52,100,34663.0,8,1.486013,12.218
53,100,24341.0,8,1.279332,15.299
54,100,30674.9,8,1.248096,13.293
55,100,28151.1,8,1.190737,15.059
56,100,32428.6,8,1.384381,15.092
57,100,32105.7,8,1.398777,12.534
58,100,30795.6,8,1.280551,13.024
59,100,29230.5,8,1.196383,14.953
60,100,26218.1,8,1.188656,20.609
61,100,32704.2,8,1.208794,11.242
62,100,25859.2,8,1.162422,16.944
63,100,28374.7,8,1.34999,14.143
64,100,27290.9,8,1.31487,13.564
65,100,26848.8,8,1.256186,13.426
66,100,28306.7,8,1.34983,13.326
67,100,29215.3,8,1.203709,13.6
68,100,32290.7,8,1.436571,16.48
69,100,32670.3,8,1.423741,14.182
70,100,25818.3,8,1.223398,13.978
71,100,26566.2,8,1.244853,15.099
72,100,33643.0,8,1.322255,15.722
73,100,30823.2,8,1.363311,14.115
74,100,28542.7,8,1.278799,15.485
75,100,32568.9,8,1.275809,17.438
76,100,35246.2,8,1.283816,13.636
77,100,28716.5,8,1.308412,14.627
78,100,27124.1,8,1.400743,15.656
79,100,32330.5,8,1.383951,12.847
80,100,32087.5,8,1.271315,11.684
81,100,28943.9,8,1.276348,18.669
82,100,30385.9,8,1.169062,14.674
83,100,28079.2,8,1.24,13.027
84,100,28524.5,8,1.182114,12.401
85,100,26364.1,8,1.179782,19.123
86,100,27787.1,8,1.273978,18.885
87,100,32704.0,8,1.302387,12.323
88,100,28661.5,8,1.161705,15.575
89,100,30937.5,8,1.021788,16.017
90,100,31146.8,8,1.251907,13.959
91,100,36187.8,8,1.362774,9.936
92,100,25277.9,8,1.258206,14.347
93,100,25496.5,8,1.154701,19.792
94,100,28884.8,8,1.313293,17.823
95,100,26658.7,8,1.281541,15.987
96,100,33895.5,8,1.229978,13.239
97,100,27720.0,8,1.355378,17.161
98,100,21818.2,8,1.378722,18.634
99,100,31044.8,8,1.243782,20.772
100,100,30790.7,8,1.414928,22.23
